,City,Mean,Lat,Lon,Obesity %,Walking Score,Transit Score,Biking Score
0,Abilene,51441.86666666667,32.4509164114475,-99.74814927759249,33.83846153846154,66,,
1,Akron,53194.675,41.07699650794714,-81.52145389947428,38.14264705882353,80,,72
2,Alameda,89726.375,37.764098148399995,-122.26009035255555,20.33888888888889,57,,77
3,Albany,52808.97142857143,37.21958864385454,-78.88467665053273,35.403636363636366,0,,
4,Albuquerque,63773.38983050847,35.1121211651662,-106.61206336219719,26.787050359712232,49,,77
5,Alexandria,92752.25,38.818402044475,-77.088488277265,26.97,36,,40
6,Alhambra,75629.2,34.084397494736365,-118.13512257895455,17.754545454545454,71,,
7,Allen,89598.5,33.10158310376923,-96.66067626767692,28.746153846153845,63,,
8,Allentown,50485.71428571428,40.60139915205357,-75.47541282676072,39.53214285714286,95,,52
9,Amarillo,64852.76,35.19344816142281,-101.85759099233333,35.396491228070175,72,,50
10,Anaheim,72411.0,33.83245623691375,-117.9016268143625,22.733766233766232,59,,52
11,Anchorage,89349.2,61.1853886026193,-149.75250512607016,34.26315789473684,27,,39
12,Ann Arbor,111892.9375,42.274587756,-83.73414941477105,26.52,92,,88
13,Antioch,64894.357142857145,37.986553448872726,-121.8020542835,27.718181818181815,55,,64
14,Apple Valley,85965.36363636363,34.51143568772667,-117.2062689658,31.264285714285712,9,,28
15,Appleton,65899.57142857143,44.27408373728148,-88.3950847508,31.946153846153848,63,,
16,Arlington,93673.23188405797,32.704646901444,-97.12228206870266,34.221333333333334,58,,
17,Arlington Heights,114682.75,42.097888608699996,-87.983530969676,24.266666666666666,40,,
18,Arvada,74636.66666666667,39.8234335876,-105.12086677452777,21.582857142857144,18,,53
19,Asheville,60457.1,35.56955055969714,-82.55514915136858,27.88064516129032,24,,22
20,Athens,57628.2962962963,33.95003586145625,-83.38020231070313,29.61875,70,,
21,Atlanta,75563.546875,33.763066486842106,-84.40488958066992,31.640151515151516,61,,56
22,Auburn,63657.51515151515,47.30677519982273,-122.21117469172728,25.366666666666667,62,,47
23,Augusta,54554.07692307692,33.42953923926326,-82.0397592008551,38.871428571428574,44,,
24,Aurora,63844.86440677966,40.36892734777594,-99.33784681936616,28.30381679389313,0,,
25,Austin,78442.65882352942,30.30371396092319,-97.75073686300676,25.993000000000002,72,,78
26,Avondale,49653.0,33.442090865572,-112.3181675762,31.082608695652173,16,,
27,Bakersfield,59350.86842105263,35.3581193737,-119.0371487309518,29.644444444444442,72,,63
28,Baldwin Park,61803.666666666664,34.0811492016,-117.9704562414,25.41,73,,
29,Baltimore,63393.09154929577,39.31075955552624,-76.6182619240094,39.56218905472637,95,,87
30,Baton Rouge,58993.171428571426,30.451765791521737,-91.12492833647391,36.907575757575756,65,,
31,Baytown,65114.666666666664,29.757951257395458,-94.97731258341818,34.39,67,,
32,Beaumont,42865.31578947369,30.082328475519446,-94.13698147687501,39.62222222222223,68,,
33,Beaverton,75336.4,45.486368176015624,-122.8140357530625,27.35185185185185,89,,86
34,Bellevue,97793.5,47.59644648329063,-122.15352316821875,18.113333333333333,59,,59
35,Bellflower,72411.44444444444,33.8868915278,-118.12806545814999,25.869999999999997,84,,
36,Bellingham,71477.91666666667,48.752189575089474,-122.46801201826317,29.373684210526317,87,,73
37,Bend,64329.42857142857,44.05358043502143,-121.30348317028572,26.414285714285715,77,,90
38,Berkeley,87586.71428571429,37.87060218136286,-122.27170830585715,20.734285714285715,100,,100
39,Bethlehem,66342.5,40.627001723845,-75.376889058415,33.160000000000004,81,,46
40,Billings,55707.916666666664,45.78876950775,-108.54282673636666,26.00689655172414,64,,
41,Birmingham,54848.35897435898,33.526924055526,-86.794535152194,40.32934782608696,32,,53
42,Bloomington,65106.393939393936,41.41721698078767,-89.53810593018903,28.035211267605632,0,,
43,Boca Raton,87731.0,26.366874648244828,-80.10752775683103,21.06896551724138,43,,74
44,Bolingbrook,70249.2,41.69955078342105,-88.08614070702104,33.60526315789474,59,,
45,Boston,78451.61111111111,42.325133652995504,-71.08743430834608,25.387428571428572,82,,55
46,Boulder,90132.08333333333,40.01936359075667,-105.2528194574,15.383333333333333,68,,99
47,Boynton Beach,72778.15384615384,26.530017237988464,-80.08127234873845,25.78076923076923,45,,
48,Bridgeport,60704.954545454544,41.189083447955,-73.19486359449999,30.089999999999996,83,,58
49,Brockton,63129.27272727273,42.08326494610435,-71.02356066519131,34.21739130434783,86,,53
50,Broken Arrow,70263.72727272728,36.040499424440476,-95.77601757,33.35641025641026,11,,28
51,Brooklyn Park,76685.28571428571,45.10284067761334,-93.34629535462,26.90666666666667,34,,39
52,Brownsville,39989.71428571428,25.946677869139624,-97.47969668810188,42.034,39,,
53,Bryan,46013.77777777778,30.663297178327777,-96.36060293897222,33.09444444444445,45,,
54,Buena Park,75758.2,33.851738924825,-118.0050607939,20.805,62,,54
55,Buffalo,46000.02,42.90937284752099,-78.8492285254716,35.779012345679014,66,,65
56,Burbank,71664.23076923077,34.181586566912,-118.32492609692001,21.988000000000003,80,,64
57,Burlington,60641.666666666664,44.48105266790769,-73.21936890947693,24.307692307692307,89,,97
58,Cambridge,72436.36363636363,42.37423110804118,-71.11118795067352,21.45,95,,99
59,Camden,43490.086956521736,39.9367922951381,-75.10510645607619,44.114285714285714,59,,59
60,Canton,73112.3488372093,40.80952135825625,-81.3721164612125,42.31071428571429,85,,
61,Cape Coral,59442.61538461538,26.62153860416875,-81.97452880885938,28.03548387096774,24,,
62,Carlsbad,88560.81818181818,33.12003114958261,-117.28801305539129,20.113636363636363,23,,8
63,Carmel,112450.75,39.970031219023525,-86.13280946111765,26.947058823529414,81,,
64,Carrollton,67210.80952380953,32.99372546735946,-96.88716434754055,30.140000000000004,65,,44
65,Carson,63572.625,33.83657703777273,-118.25829481413638,23.861904761904764,51,,
66,Cary,114390.72222222222,35.78413986925116,-78.81733347834651,25.778048780487808,56,,69
67,Cedar Rapids,76601.36842105263,41.98968903436,-91.6695959015325,34.3421052631579,20,,68
68,Centennial,104362.66666666667,39.59952010530244,-104.85748016253658,21.575675675675676,33,,52
69,Champaign,62963.181818181816,40.1090051427,-88.26265020245417,34.300000000000004,43,,65
70,Chandler,85591.5,33.28936663599385,-111.85199371244614,26.10327868852459,20,,34
71,Charleston,63209.83870967742,34.80090601158472,-80.57461058991389,32.78857142857142,0,,
72,Charlotte,70611.48529411765,35.20676687836188,-80.81931398970693,32.8725,68,,43
73,Chattanooga,51095.954545454544,35.05800573722034,-85.2418726376712,33.83461538461539,7,,8
74,Chesapeake,79025.72222222222,36.753841044948835,-76.27951544325349,35.98372093023256,17,,34
75,Cheyenne,62782.333333333336,41.146454162144444,-104.79237795344444,29.20555555555556,56,,
76,Chicago,63975.973154362415,41.85938364804156,-87.67776147240188,33.582160804020106,80,,81
77,Chico,80190.81818181818,39.74856475799615,-121.83609298234616,25.28,66,,
78,Chino,89300.91666666667,34.006752039625,-117.68042583515,27.860000000000003,54,,39
79,Chino Hills,59836.0,33.97160608964286,-117.73313026492858,22.25714285714286,4,,10
80,Chula Vista,77633.41176470589,32.629440170455105,-117.03985332132653,24.824489795918367,62,,31
81,Cicero,47943.75,41.84761020933334,-87.75955455951112,35.27222222222222,80,,62
82,Cincinnati,63121.58823529412,39.1395016237475,-84.50989321487833,37.08205128205128,73,,54
83,Citrus Heights,55089.75,38.693642117268,-121.291587727,30.364,71,,
84,Clarksville,65947.66666666667,36.56383744320811,-87.35024651041621,33.17777777777778,1,,
85,Clearwater,61774.2,27.978063109205262,-82.7572827178158,28.900000000000002,31,,47
86,Cleveland,40543.7294117647,41.48300337812416,-81.663397427759,42.26610169491526,21,,14
87,Clifton,88086.6,40.86711743988334,-74.15407422912222,22.966666666666665,82,,51
88,Clovis,60204.5,36.83012409722308,-119.69004046603845,25.916,61,,48
89,College Station,47006.0,30.592568386096428,-96.3070203303,24.95,39,,
90,Colorado Springs,72100.88636363637,38.87035491203084,-104.78556336398131,23.19904761904762,27,,32
91,Columbia,65047.40983606558,35.374169333114736,-84.1028981586379,32.931111111111115,0,,
92,Columbus,51831.31578947369,38.58741422948021,-83.35395118151979,36.42613240418118,0,,
93,Compton,52853.5,33.89638076348065,-118.22207965532257,32.487096774193546,79,,
94,Concord,87197.67857142857,36.81668758438276,-103.45658276598104,27.812727272727273,0,,
95,Coral Springs,87020.18181818182,26.269136090175003,-80.256714834675,24.489285714285717,68,,59
96,Corona,73237.88,33.86865173236486,-117.56643196172973,27.15945945945946,79,,56
97,Corpus Christi,65552.0,27.73321066027143,-97.4075341263078,34.622368421052634,67,,55
98,Costa Mesa,109889.73333333334,33.66126950732143,-117.91389767478572,21.977777777777778,54,,72
99,Cranston,64947.11111111111,41.77127646888947,-71.45681399534736,29.305263157894736,58,,38
100,Dallas,70788.64122137404,32.82321018638536,-96.78119247207913,34.47156862745098,74,,65
101,Daly City,101587.57142857143,37.688510266468185,-122.465730174,17.422727272727272,91,,37
102,Danbury,86752.77777777778,41.40866447185882,-73.46195121195882,23.36470588235294,57,,
103,Davenport,62999.4,41.54953213063611,-90.59190043316389,38.415151515151514,31,,
104,Davie,101066.0,26.072201719425,-80.27914843144167,23.595652173913045,5,,57
105,Dayton,52610.979166666664,39.770483611795456,-84.19884219498182,42.96779661016949,71,,
106,Dearborn,40497.38461538462,42.315163741019234,-83.21587532905384,31.35,28,,
107,Decatur,57350.30303030303,39.85196828834516,-88.94539021654516,38.145161290322584,30,,
108,Deerfield Beach,54316.0,26.306053585247366,-80.12274143407895,26.936842105263157,32,,38
109,Deltona,49445.666666666664,28.904542374814998,-81.21571573479,33.373684210526314,11,,
110,Denton,62484.3125,33.205793748375754,-97.12905293041516,30.67241379310345,72,,55
111,Denver,70252.52631578948,39.721511622695175,-104.9586325694,21.028275862068966,96,,88
112,Des Moines,59721.51724137931,41.58886153246935,-93.6239263774629,38.805,90,,63
113,Detroit,35734.86363636364,42.3851824409594,-83.1045821632953,44.81224489795918,35,,43
114,Downey,83078.1875,33.93628906328333,-118.13349130350001,24.960869565217394,78,,
115,Duluth,60543.88888888889,46.77989311652632,-92.12352629238949,27.799999999999997,1,,2
116,Durham,57849.63636363636,35.987937497798455,-78.90965905664154,31.884999999999998,73,,74
117,Edinburg,47324.8,26.322371695186668,-98.16098400393334,43.44666666666667,24,,
118,Edmond,109995.66666666667,35.659537788116666,-97.46057482766251,28.729166666666668,57,,
119,El Cajon,77735.25,32.79965021957334,-116.95158460063334,26.15666666666667,71,,54
120,El Monte,58231.63636363636,34.073033026666664,-118.03076158203031,24.653125,76,,65
121,El Paso,52946.2,31.802160084655792,-106.40742644011594,35.78195488721804,13,,
122,Elgin,68885.93333333333,42.03595688349,-88.29936737978001,30.85925925925926,60,,44
123,Elizabeth,62623.625,40.66339624395357,-74.20942556683929,33.30714285714286,95,,53
124,Elk Grove,89429.4,38.415532387733336,-121.3995901198,26.57,54,,
125,Erie,59323.53571428572,42.11702169693437,-80.07583343229688,37.33125,76,,56
126,Escondido,73626.07142857143,33.128692180070274,-117.07664666113514,24.98857142857143,82,,63
127,Eugene,57379.05882352941,44.06147105061087,-123.11583128676087,27.135555555555552,62,,94
128,Evanston,83683.3,42.04471396185,-87.69204086815999,25.395,81,,90
129,Evansville,49594.09523809524,37.982616581741304,-87.54730058263912,36.48837209302326,33,,
130,Everett,70082.9375,47.943848233223335,-122.21261728886665,31.00357142857143,60,,46
131,Fairfield,83882.36363636363,38.262410076165516,-122.03545977451724,28.139285714285712,79,,76
132,Fall River,50888.545454545456,41.69968069814445,-71.14300585386296,32.6925925925926,91,,73
133,Fargo,62195.25,46.8658614776963,-96.81644144612963,30.174074074074074,66,,60
134,Farmington Hills,88559.625,42.48719131958,-83.37723150657601,25.429166666666664,16,,
135,Fayetteville,55352.9375,35.33118455499459,-82.8568191368973,32.67971014492754,0,,
136,Federal Way,68748.54545454546,47.311888517759094,-122.33303955031819,24.2,40,,60
137,Fishers,97489.66666666667,39.95899409746364,-85.9897760155,27.563636363636363,44,,
138,Flint,36224.041666666664,43.02963858865476,-83.6918536753119,48.678048780487806,28,,53
139,Folsom,88399.85714285714,38.67290035102105,-121.14911194789472,25.450000000000003,66,,
140,Fontana,61327.78571428572,34.096472207594594,-117.45253675772973,31.72702702702703,56,,55
141,Fort Collins,68589.0,40.55633136071224,-105.07370306326531,21.516666666666666,74,,100
142,Fort Lauderdale,61297.470588235294,26.143651973545282,-80.1426133036585,27.871153846153845,77,,66
143,Fort Smith,43954.6,35.357419469273914,-94.38565162411739,33.41304347826087,8,,
144,Fort Wayne,60936.645161290326,41.08811939210366,-85.13619726762317,35.81,65,,61
145,Fort Worth,63485.194444444445,32.744459267718824,-97.3341242431106,36.70246913580247,67,,80
146,Fremont,93382.5172413793,37.540864065188885,-121.97994227033334,16.76222222222222,71,,66
147,Fresno,57396.979166666664,36.7810452763289,-119.78444606861719,30.206349206349206,42,,66
148,Frisco,123603.09090909091,33.14866241430278,-96.81758704087223,27.81142857142857,26,,
149,Fullerton,79418.54545454546,33.8803222188,-117.926824707,20.17142857142857,78,,33
150,Gainesville,57337.34482758621,29.664855786465857,-82.35129119994635,29.23589743589744,13,,
151,Garden Grove,68785.66666666667,33.77847656491087,-117.9574459855,20.204545454545453,78,,70
152,Garland,57019.65,32.90811887072364,-96.62930532962727,32.448,60,,47
153,Gary,41997.0,41.583782133030304,-87.34445834043031,50.04242424242425,46,,
154,Gastonia,50753.09090909091,35.2473670529425,-81.1758306619475,32.9741935483871,45,,
155,Gilbert,91744.41176470589,33.32529672646875,-111.7488448863125,25.717021276595744,17,,
156,Glendale,72386.9,33.815115440258715,-114.65083575683487,27.067961165048544,0,,
157,Grand Prairie,68954.42857142857,32.6995903447721,-97.0205642023907,33.745,50,,
158,Grand Rapids,63273.56756756757,42.962561205903704,-85.65507926384073,33.479629629629635,88,,59
159,Greeley,53340.454545454544,40.41292173700256,-104.73371983976924,30.914705882352937,35,,
160,Green Bay,67049.0,44.5134557442625,-88.01034998446875,35.01875,88,,85
161,Greensboro,54560.242424242424,36.085368661967856,-79.82240123985952,33.135802469135804,34,,
162,Greenville,49552.08196721312,35.59224022975384,-77.37077353028846,32.8,45,,
163,Gresham,55150.71428571428,45.50568362504445,-122.44268384125925,27.833333333333332,68,,66
164,Gulfport,43669.153846153844,30.41325764090833,-89.07777592427084,36.824999999999996,6,,
165,Hammond,51804.07692307692,41.60787034171905,-87.49208096928571,39.2952380952381,11,,
166,Hampton,56521.541666666664,37.04061941998857,-76.36425920581715,38.75714285714286,16,,33
167,Hartford,44147.04347826087,41.7653485308,-72.68838441593572,37.43333333333334,71,,56
168,Hawthorne,64300.53846153846,33.914370647953845,-118.3459160193846,28.72608695652174,86,,61
169,Hayward,74088.14285714286,37.64736716558,-122.07297167132499,24.392105263157895,63,,69
170,Hemet,54605.333333333336,33.738920373892306,-116.9793160068077,30.3875,29,,
171,Henderson,73119.44736842105,36.02282375531286,-115.04620627865714,25.113235294117647,76,,50
172,Hesperia,53654.0,34.41058083832632,-117.31757186978949,32.87222222222223,9,,
173,Hialeah,42962.529411764706,25.862747571502222,-80.30031132062,34.125,75,,52
174,High Point,56975.5,35.98649129262433,-79.99437484902973,33.285714285714285,40,,
175,Hillsboro,65312.944444444445,45.52667084388846,-122.93442066273077,28.186956521739127,30,,68
176,Hollywood,58469.4,26.02357323005135,-80.17808494154055,26.94864864864865,33,,41
177,Honolulu,84613.9512195122,21.365079688924897,-157.89729671229045,23.69237288135593,17,,8
178,Hoover,104628.16666666667,33.3887101797742,-86.78459555222581,29.16,6,,
179,Houston,68098.05676855895,29.77443964156192,-95.42798611686821,34.13014440433213,68,,48
180,Huntington Beach,99406.05555555556,33.69702445489167,-118.00057173643751,20.160416666666666,46,,75
181,Huntsville,57279.583333333336,34.72210799489091,-86.61415558470758,35.89666666666667,49,,48
182,Independence,58846.61111111111,39.07838044186667,-94.39320872052122,31.863333333333333,52,,40
183,Indianapolis,54372.03571428572,39.79587980989676,-86.14353149544166,36.75277777777778,54,,73
184,Indio,55105.8,33.72255625585833,-116.23557846020833,30.454545454545453,38,,
185,Inglewood,54139.454545454544,33.95407609289412,-118.34531479838236,31.609090909090906,79,,56
186,Iowa City,60804.5,41.65329227786316,-91.52549824861579,29.878947368421056,76,,72
187,Irvine,86865.0625,33.675600831379484,-117.79195943389743,16.12162162162162,71,,77
188,Irving,70008.23333333334,32.85054241172727,-96.96536289750728,30.62962962962963,48,,44
189,Jackson,54865.394366197186,32.319004248221425,-90.20919347073571,39.443636363636365,19,,27
190,Jacksonville,54390.282352941176,30.76148065761892,-81.20300993871892,33.34347826086957,0,,
191,Jersey City,74076.41666666667,40.72336983779559,-74.06452413295588,28.004411764705882,93,,48
192,Johns Creek,132371.0,34.03526945169375,-84.21640089898125,21.09375,1,,
193,Joliet,53125.57142857143,41.53189828039583,-88.12715032501042,37.259574468085106,28,,39
194,Jonesboro,47854.07692307692,35.8211660033,-90.68148089005555,33.95,55,,
195,Kalamazoo,49402.75,42.279172081164,-85.592948549116,34.12608695652174,74,,
196,Kansas City,51008.88607594937,39.08439516780256,-94.58997513752607,37.67339449541284,66,,61
197,Kenner,67074.57142857143,30.012941522365004,-90.25253307368,36.85,44,,
198,Kennewick,59119.0,46.2000415849125,-119.15988080431251,33.90625,39,,44
199,Kenosha,62266.083333333336,42.58093849539667,-87.85506621071666,33.210344827586205,67,,
200,Kent,74232.23076923077,47.382611050584,-122.22006516616,24.54,68,,32
201,Killeen,46827.454545454544,31.092873144958062,-97.72306016018064,37.334482758620695,67,,
202,Knoxville,61117.705882352944,35.967046459078574,-83.96044006326667,31.744285714285713,34,,22
203,Lafayette,68581.41379310345,34.07427500290173,-90.07673529331551,33.90877192982456,0,,
204,Lake Charles,49340.166666666664,30.205397513433336,-93.2124821240625,37.56666666666667,73,,
205,Lake Forest,117279.0,33.65242019716666,-117.67638850444445,20.033333333333335,26,,
206,Lakeland,61153.16,28.04976260808889,-81.95610958034666,35.324390243902435,78,,
207,Lakewood,66446.75,37.864295463338806,-109.18690962522388,21.74923076923077,0,,
208,Lancaster,59200.163265306124,34.68540391861389,-118.14876814505556,28.352777777777778,66,,
209,Lansing,49493.52380952381,42.71413149386809,-84.55445166584894,34.58809523809524,77,,65
210,Laredo,42403.541666666664,27.523000366593443,-99.48190976412458,43.06440677966102,54,,
211,Largo,63452.117647058825,27.90867141876579,-82.77189148603158,28.81351351351351,19,,41
212,Las Cruces,54668.07142857143,32.31992379894286,-106.768335384,27.522222222222222,55,,
213,Las Vegas,62259.827067669175,36.20352751195886,-115.23019159163925,28.356129032258064,46,,43
214,Lauderhill,46151.2,26.160184988570588,-80.22508506794706,33.84117647058823,29,,46
215,Lawrence,57924.944444444445,40.832596243035,-83.2131082100425,30.835,0,,
216,Lawton,41216.0,34.61571412273667,-98.41807660400667,38.413333333333334,62,,
217,Layton,62209.333333333336,41.07680481276191,-111.96380911452381,27.244999999999997,31,,39
218,League City,98822.33333333333,29.49639072355,-95.10062528134375,31.37142857142857,15,,
219,Lee's Summit,87942.57142857143,38.915874985036,-94.383478620748,28.691304347826087,65,,
220,Lewisville,78483.08,33.02767125037353,-96.99291767904413,30.055882352941175,74,,
221,Lexington,65214.5,38.0236781498,-84.48895413782262,30.520238095238092,70,,69
222,Lincoln,63333.025,40.800910572863515,-96.67808282242568,30.443835616438356,64,,90
223,Little Rock,62023.739130434784,34.731143410437035,-92.35835856708705,35.20943396226415,7,,10
224,Livermore,102686.6,37.68475217815238,-121.7661160137143,22.866666666666667,96,,
225,Livonia,81701.69230769231,42.39565428755454,-83.36789277249697,26.57272727272727,66,,
226,Long Beach,75145.35416666667,33.80446695,-118.16680603672322,25.295495495495498,78,,
227,Longmont,77983.25,40.174700442900004,-105.10714333400001,18.345,81,,68
228,Longview,51396.53333333333,32.51363665677916,-94.75162618878333,36.426086956521736,59,,
229,Los Angeles,61724.55701754386,34.09209057165582,-118.36847503499801,25.492570281124497,94,,63
230,Louisville,63276.34,38.204265935745404,-85.70170109734163,34.645054945054945,17,,7
231,Loveland,79800.83333333333,40.408845518511114,-105.08898880038889,22.827777777777776,15,,
232,Lowell,64474.90476190476,42.63997317887778,-71.31783754481482,27.074074074074073,94,,38
233,Lubbock,55025.318181818184,33.55719732833387,-101.89101295238709,34.03709677419355,57,,48
234,Lynchburg,56810.125,37.39921609222381,-79.1825558144,35.614285714285714,54,,17
235,Lynn,64299.36363636364,42.4706358495125,-70.9558729333125,30.308333333333334,82,,30
236,Lynwood,41161.4,33.92427878090714,-118.20224106035714,31.228571428571428,67,,
237,Macon,44659.36363636364,32.83912100663421,-83.66159096232106,41.1,63,,
238,Madison,70518.13725490196,43.072390955624286,-89.40372044564714,26.3044776119403,89,,77
239,Manchester,63384.0,42.9905612615871,-71.45543892571612,31.525806451612905,94,,
240,Manteca,59583.5,37.80221911132105,-121.22938273005263,30.963157894736838,70,,
241,Medford,76655.55555555556,42.336852313525,-122.85839330975,27.768181818181816,69,,67
242,Melbourne,58459.0,28.117827056233335,-80.6499934525889,30.5,33,,
243,Memphis,44721.117647058825,35.12082093959617,-89.94841576234371,39.29111111111111,54,,70
244,Menifee,80746.5,33.691509050248,-117.184369083,26.86,48,,
245,Merced,45038.818181818184,37.30663276878182,-120.47929630968183,30.389999999999997,82,,
246,Meridian,49372.27272727273,43.62020519874,-116.3964738464,27.860000000000003,73,,
247,Mesa,64056.51063829787,33.41055165858095,-111.74612370580952,29.1260162601626,52,,51
248,Mesquite,53621.125,32.781100570961115,-96.60724728416943,33.90588235294118,48,,
249,Miami,60890.25,25.78383558467264,-80.21975599628962,33.48252427184466,68,,47
250,Miami Beach,67722.66666666667,25.811949961167745,-80.13368658992903,27.04516129032258,81,,63
251,Miami Gardens,55673.4,25.94314822518077,-80.23613928506538,37.864000000000004,56,,50
252,Midland,76391.45454545454,32.00858311985,-102.11144423710714,33.11538461538461,44,,
253,Milpitas,119131.6,37.43473507836842,-121.89318808352633,15.8,73,,69
254,Milwaukee,50052.50617283951,43.05229185056991,-87.95355492576574,35.874299065420566,72,,54
255,Minneapolis,71931.6603773585,44.96377801460085,-93.26928432476186,27.33050847457627,84,,96
256,Miramar,82926.75,25.980845017927777,-80.28252708705,29.18333333333333,39,,54
257,Mission,38047.153846153844,26.212806624305557,-98.32294085593334,42.62352941176471,83,,
258,Mission Viejo,128766.0,33.61663233156,-117.65372779335999,19.636,56,,
259,Missoula,54189.333333333336,46.86399240052222,-114.01084834377778,23.16111111111111,72,,99
260,Missouri City,93463.8,29.579365062024998,-95.536814642525,32.915,28,,
261,Mobile,51464.96666666667,30.675092061252503,-88.1270948996175,38.80389610389611,44,,
262,Modesto,58324.90476190476,37.657750604141995,-120.99057319132,26.672916666666666,61,,60
263,Montgomery,60937.81481481482,32.35440563628095,-86.2567568729,39.20483870967742,40,,37
264,Moreno Valley,60341.642857142855,33.926070889884784,-117.22682838013043,30.982608695652175,72,,52
265,Mount Pleasant,49508.3,32.83827544737857,-79.83312730465715,26.015384615384615,10,,
266,Mount Vernon,56275.857142857145,40.91337315423181,-73.83182500988181,31.836363636363636,84,,48
267,Mountain View,93278.5,37.394122674717394,-122.08400937673913,18.731818181818184,95,,95
268,Muncie,39664.6,40.19649237219286,-85.39665660643571,37.18846153846154,67,,
269,Murfreesboro,67181.61538461539,35.84806602596786,-86.40556616241072,33.270370370370365,41,,
270,Murrieta,75272.85714285714,33.57230710314,-117.19038157744998,25.594444444444445,41,,15
271,Nampa,51590.5,43.57683433982941,-116.57158691594117,36.36875,74,,
272,Napa,96176.90909090909,38.30514778821154,-122.30344106530768,26.275000000000002,63,,75
273,Naperville,124742.58823529411,41.750071849471794,-88.16015379786923,27.057894736842105,61,,63
274,Nashua,68543.91666666667,42.74652816934,-71.482319919705,29.744999999999997,49,,
275,Nashville,60649.7,36.14189651147912,-86.75533562692722,31.698101265822785,44,,21
276,New Bedford,46886.0,41.649246429030306,-70.93314507794545,33.81818181818182,65,,53
277,New Britain,52119.1,41.67512189243043,-72.78209877318261,32.06086956521739,76,,44
278,New Haven,59749.36363636364,41.3110708631606,-72.92516149216667,34.43939393939394,95,,97
279,New Orleans,51234.30303030303,29.97202598403333,-90.0566709668712,36.49080459770115,92,,92
280,New Rochelle,98464.57142857143,40.9205603945647,-73.78475907582941,25.358823529411765,86,,53
281,New York,88873.6275862069,40.716374114408076,-73.91566036143972,25.034450212364323,74,,62
282,Newark,52213.25,40.73707551893595,-74.18807784050337,39.640449438202246,85,,61
283,Newport Beach,94533.0,33.62196916202917,-117.886529337625,18.530434782608694,30,,33
284,Newport News,50323.17647058824,37.08442456889782,-76.4949340736913,35.61521739130435,56,,42
285,Newton,71901.08695652174,42.3363598007,-71.20949153106,20.655,58,,56
286,Norfolk,59489.57575757576,36.89135347389876,-76.25708512552222,35.06835443037975,40,,42
287,Norman,55773.57142857143,35.223335401415625,-97.42567740527187,33.53666666666667,61,,
288,North Charleston,53573.88888888889,32.89819594449678,-80.04471455025806,37.480000000000004,2,,26
289,North Las Vegas,53911.0,36.24614910583654,-115.14088664215384,29.984615384615385,33,,60
290,Norwalk,78423.90909090909,37.586381355638295,-95.27559841971915,24.325531914893617,0,,
291,Oakland,76792.91803278688,37.79644946607391,-122.22814789684348,26.750877192982454,74,,68
292,Oceanside,74919.3125,33.21335763981667,-117.31265135413888,23.630555555555556,23,,18
293,Odessa,70985.3125,31.87396277048846,-102.35838977061539,35.18076923076923,49,,
294,Ogden,68991.28571428571,41.225498184093105,-111.9631633365862,34.34615384615385,58,,59
295,Oklahoma City,50889.22727272727,35.48251464469455,-97.54377811513181,35.06788990825688,73,,58
296,Olathe,91966.92307692308,38.87985047847,-94.79885115057333,28.98,69,,52
297,Omaha,59946.70769230769,41.262469658408726,-96.04484075549395,33.59517241379311,69,,45
298,Ontario,52607.72222222222,34.05075910052195,-117.63391844368293,30.879487179487178,27,,37
299,Orange,77379.72727272728,33.804502916525,-117.82570914641666,20.924999999999997,48,,58
300,Orem,61226.5,40.29945636381923,-111.6952623128077,25.284000000000002,82,,63
301,Orlando,58496.0,28.520282299265855,-81.3670542330939,30.25625,46,,55
302,Overland Park,107303.125,38.918242383588236,-94.68441830032353,26.574,39,,29
303,Oxnard,75367.07142857143,34.191658514041464,-119.17989051370733,26.639024390243904,91,,58
304,Palatine,101739.0,42.12039532422941,-88.03909583281765,24.900000000000002,85,,
305,Palm Bay,55990.375,27.99354296357222,-80.64806186482777,32.333333333333336,26,,
306,Palm Coast,49154.5,29.536689845038886,-81.23206887483333,29.21764705882353,0,,
307,Palmdale,58094.11111111111,34.58250521383903,-118.10007390421951,28.68333333333333,53,,
308,Parma,60255.307692307695,41.38847859602083,-81.72755143560417,29.037499999999998,9,,34
309,Pasadena,72973.70588235294,31.941223137522076,-106.79647909717792,28.11780821917808,0,,
310,Passaic,60790.6,40.85901240990625,-74.127182465125,31.04375,96,,46
311,Paterson,46017.17647058824,40.915984306322855,-74.16387641464857,33.60857142857143,95,,50
312,Pawtucket,57382.11111111111,41.87650912548696,-71.37521990348262,34.06956521739131,80,,50
313,Pearland,94416.75,29.55578387628824,-95.3184146828,30.7,39,,
314,Pembroke Pines,67944.875,26.012364332396874,-80.31661080207188,24.983870967741936,27,,41
315,Peoria,58386.24137931035,36.72014419639556,-102.44548541079445,32.34939759036145,0,,
316,Perris,58194.5,33.78902825640769,-117.22216277923077,32.833333333333336,17,,
317,Pharr,41031.0,26.17907987787273,-98.18728307981819,44.654545454545456,64,,
318,Philadelphia,52426.308988764045,40.00187417678042,-75.14695641876685,33.20740740740741,79,,56
319,Phoenix,57556.79527559055,33.525586087779224,-112.08609619437674,31.29078212290503,57,,57
320,Pittsburgh,63196.054945054944,40.445990201797805,-79.96891135771679,31.570542635658914,63,,40
321,Plano,91133.44,33.05375411762667,-96.74965990224668,27.466666666666665,49,,54
322,Plantation,73231.875,26.126252971072724,-80.25563425134091,24.522727272727273,54,,54
323,Pleasanton,101038.42857142857,37.6717375334125,-121.8815393138125,19.76875,50,,70
324,Plymouth,81210.125,45.019990953958825,-93.45893506648824,22.852941176470587,40,,
325,Pomona,61822.181818181816,34.06029552053143,-117.75790882788571,26.891428571428573,91,,58
326,Pompano Beach,60104.2,26.24123090905357,-80.12361460559285,27.74285714285714,56,,70
327,Portland,73271.31578947368,45.29721458912717,-116.3753865766288,24.828248587570624,0,,
328,Portsmouth,54811.17647058824,36.83272890499697,-76.34466218516667,39.984848484848484,76,,53
329,Providence,53309.15789473684,41.82257071459756,-71.42353821612194,33.31707317073171,97,,81
330,Provo,48474.1,40.247565045396875,-111.65910992278125,25.18,73,,76
331,Pueblo,45816.13333333333,38.266951476487804,-104.61920265478048,31.725,54,,
332,Quincy,69219.68,42.259527581227275,-71.00806977548181,22.95909090909091,82,,48
333,Racine,57172.4,42.727787172176924,-87.81089395591539,39.50416666666667,36,,48
334,Raleigh,70024.51282051283,35.83475153923838,-78.64554587121414,30.413829787234043,64,,36
335,Rancho Cucamonga,72495.2,34.124177158067745,-117.58214033554839,27.229032258064517,39,,46
336,Rapid City,64086.0,44.06970004381364,-103.21929452200001,34.166666666666664,41,,
337,Reading,60975.04761904762,40.34069997110345,-75.92524103230689,42.66896551724138,87,,
338,Redding,57592.9,40.57344514065,-122.36560332790626,26.76551724137931,48,,53
339,Redlands,88558.125,34.05333488396315,-117.17293999205265,26.75263157894737,84,,
340,Redondo Beach,116038.85714285714,33.85534950461333,-118.37742758426666,19.633333333333333,67,,52
341,Redwood City,106888.33333333333,37.48443125657826,-122.23274159586957,23.259090909090908,96,,
342,Reno,65354.666666666664,39.5270721132,-119.82347258120548,24.231884057971016,93,,76
343,Renton,83002.23076923077,47.47531512948928,-122.18504894864286,22.042307692307695,32,,24
344,Rialto,63936.28571428572,34.10639201090968,-117.38362492132258,33.20322580645161,70,,69
345,Richardson,84850.11111111111,32.97086089755185,-96.71160468299259,26.503846153846155,44,,57
346,Richmond,63128.23529411765,37.66760582191818,-91.51008305675556,32.498958333333334,0,,
347,Rio Rancho,84943.0,35.265943162285,-106.69032196505,27.144444444444446,7,,
348,Riverside,65108.794871794875,33.937310847796056,-117.40279183963158,28.188888888888886,61,,52
349,Roanoke,65104.333333333336,37.27727832264,-79.96024089724,36.372,31,,60
350,Rochester,62163.385542168675,43.3998979462641,-81.67584765084787,35.97767857142857,0,,
351,Rochester Hills,84666.77777777778,42.66312730095909,-83.15822845829545,24.05,4,,
352,Rock Hill,58169.5,34.940751381379165,-81.03344752673333,34.61666666666667,66,,
353,Rockford,56107.55882352941,42.26807857821724,-89.06562110660172,35.86545454545455,49,,
354,Roseville,76365.21739130435,38.75805819220625,-121.289882716375,21.661290322580644,64,,64
355,Roswell,68266.81818181818,34.037970150395,-84.34464267349,24.19,71,,50
356,Round Rock,86318.28571428571,30.519935019255556,-97.66887178129258,29.942307692307693,64,,
357,Sacramento,64649.954545454544,38.556626674899164,-121.46977465627499,30.482905982905983,85,,99
358,Salem,60695.560975609755,44.931281204866664,-123.01913074164287,31.074358974358976,70,,77
359,Salinas,64231.666666666664,36.690004064068575,-121.63616289760002,27.023529411764706,6,,29
360,Salt Lake City,78847.57142857143,40.754095405462714,-111.88247837388136,25.957142857142856,86,,96
361,San Angelo,51970.666666666664,31.442177207508003,-100.45745929944,34.387499999999996,61,,
362,San Antonio,61195.11851851852,29.474653616236893,-98.52883448508963,34.72492012779553,71,,50
363,San Bernardino,45236.625,34.13384535543621,-117.28950621641378,35.096428571428575,82,,61
364,San Diego,84908.77884615384,32.79132294840503,-117.13394210973489,22.15902777777778,7,,5
365,San Francisco,100856.92207792208,37.76112716812132,-122.43634860678172,18.04670050761421,99,,76
366,San Jose,100633.87671232877,37.30805908814344,-121.86852192491403,20.42604651162791,48,,68
367,San Leandro,83304.0,37.7124108545,-122.15301791259093,23.25714285714286,57,,71
368,San Marcos,56722.11111111111,33.14052265959,-117.17029372185,23.09,68,,
369,San Mateo,130092.3,37.55152426685714,-122.31282654864286,20.832142857142856,90,,71
370,San Ramon,117885.4,37.76287376926667,-121.94282547633333,18.723529411764705,11,,
371,Sandy,91538.4,40.57782263253549,-111.8527058166129,24.82962962962963,47,,
372,Sandy Springs,59618.0,33.93545882793333,-84.36495624062962,23.726923076923075,41,,19
373,Santa Ana,73419.91304347826,33.74146406783016,-117.88340116380952,25.385714285714286,61,,67
374,Santa Barbara,91477.5,34.42744425064231,-119.71425747465385,24.965384615384615,77,,91
375,Santa Clara,113597.0,37.35300157994074,-121.97041090751853,17.634615384615383,82,,81
376,Santa Clarita,92791.0,34.42098073994118,-118.50289423205882,22.155102040816324,44,,
377,Santa Fe,67866.73333333334,35.65732144949143,-105.98076385022857,19.946666666666665,40,,
378,Santa Maria,68236.55555555556,34.94197886372857,-120.4367408082381,30.24,86,,
379,Santa Monica,110739.9,34.023336694928574,-118.4829268542381,20.18095238095238,87,,97
380,Santa Rosa,72274.1052631579,38.44609136362106,-122.70866827728948,25.307894736842105,89,,74
381,Savannah,50659.2962962963,32.03861596007857,-81.12418406754465,36.596078431372554,12,,
382,Schaumburg,96091.57142857143,42.031789916114285,-88.0927511322607,23.303703703703704,23,,
383,Schenectady,71010.33333333333,42.80571498752273,-73.93145748132727,32.95454545454545,83,,57
384,Scottsdale,86029.47619047618,33.59681386057121,-111.89018198593939,24.784126984126985,24,,57
385,Scranton,52570.769230769234,41.411154774531035,-75.66721448862069,35.10689655172414,80,,
386,Seattle,85278.7076923077,47.62796542338162,-122.32976729430884,20.956617647058824,85,,70
387,Shreveport,51218.916666666664,32.46964392412381,-93.7745855440254,40.78688524590164,51,,
388,Simi Valley,112996.18181818182,34.26996546656,-118.74156195303334,21.75,64,,76
389,Sioux City,61365.454545454544,42.50156689872401,-96.39247630669999,35.92916666666667,68,,53
390,Sioux Falls,67099.73333333334,43.5334972608122,-96.72970413972196,31.256410256410255,81,,76
391,Somerville,76500.92857142857,42.391409959475,-71.10447889967,22.525,90,,87
392,South Bend,52057.75,41.67382804978724,-86.26068081333192,38.46739130434783,62,,
393,South Gate,56222.375,33.94791703509546,-118.20268065304545,29.636363636363637,77,,
394,Southfield,77278.66666666667,42.478977150684,-83.254118798704,34.348,38,,
395,Sparks,66878.0,39.56782226981072,-119.72492157914284,24.42,19,,
396,Spokane,58753.55172413793,47.674694101090324,-117.40736454859677,29.059322033898304,79,,68
397,Spokane Valley,56248.57142857143,47.65924807932593,-117.24439460937037,28.848148148148148,69,,67
398,Springdale,62270.666666666664,36.18800148055,-94.1431484574111,31.96111111111111,69,,
399,Springfield,61078.434782608696,39.39713659322482,-86.36993237548793,34.196323529411764,0,,
400,St. George,63149.0,37.1009992402,-113.586468408625,25.073333333333334,62,,76
401,St. Louis,55297.4,38.62905316866204,-90.25107437733057,37.172222222222224,81,,75
402,St. Paul,36494.0,44.95345065676988,-93.11205372800241,28.268674698795184,66,,
403,Stamford,103863.18181818182,41.07489385272223,-73.54162103012962,22.4037037037037,37,,25
404,Sterling Heights,64392.61538461538,42.57917359466552,-83.02899991834137,31.989285714285717,57,,
405,Stockton,58956.18518518518,37.98120012601081,-121.30471688545944,32.28169014084507,78,,57
406,Suffolk,57406.1,36.75601315456,-76.58414387672333,34.28666666666666,41,,
407,Sugar Land,117034.33333333333,29.594523203877273,-95.63204904618637,24.23,54,,
408,Sunnyvale,122834.75,37.37047010787273,-122.02557305081818,16.9,75,,89
409,Sunrise,67469.0,26.153850901378263,-80.28935601623914,26.73478260869565,56,,45
410,Surprise,67853.33333333333,33.639584721354545,-112.40367908900001,27.85,44,,
411,Syracuse,54305.7037037037,43.04349126726724,-76.14547242044829,34.21228070175439,87,,58
412,Tacoma,66359.9375,47.23661177935536,-122.46114475214286,31.08490566037736,37,,
413,Tallahassee,64958.333333333336,30.45405333019032,-84.27278237748871,31.620338983050846,71,,41
414,Tampa,57624.756410256414,27.990499712445615,-82.45496403105176,31.59818181818182,80,,64
415,Temecula,90186.25,33.50457093049167,-117.11618941658332,25.204166666666666,30,,25
416,Tempe,64657.5,33.38944203456098,-111.92663028817073,26.170731707317074,68,,72
417,Thornton,80227.7,39.899784887241665,-104.95096733252778,28.052941176470586,36,,40
418,Thousand Oaks,92375.4,34.1894930778875,-118.8834111483125,20.413333333333334,57,,37
419,Toledo,45410.441860465115,41.66446063539802,-83.57923208373862,44.3049504950495,53,,
420,Topeka,65897.76470588235,39.036701436804876,-95.6965945926,37.665,60,,75
421,Torrance,94377.8947368421,33.83615941707813,-118.3446849893125,17.953125,83,,58
422,Tracy,84638.875,37.732490611417646,-121.43894973082354,29.4625,52,,54
423,Trenton,55110.36842105263,40.22105364398518,-74.75909844448888,39.422222222222224,80,,50
424,Troy,66720.74074074074,42.577584346658334,-83.14447074162916,22.662499999999998,18,,
425,Tucson,56039.256410256414,32.20782121964864,-110.90400946552704,28.55211267605634,66,,91
426,Tulsa,56694.954545454544,36.12207872690588,-95.92755768800735,36.706818181818186,37,,46
427,Turlock,51614.71428571428,37.50566651524706,-120.85372873758824,25.441176470588236,67,,46
428,Tuscaloosa,61115.88888888889,33.211378638972505,-87.5238545854075,37.37222222222223,25,,
429,Tustin,100082.63636363637,33.7436168402375,-117.81055118054167,20.830000000000002,74,,67
430,Tyler,44496.9,32.328109857563334,-95.29895117407334,35.47931034482759,66,,
431,Union City,74612.75,39.264278954623684,-96.77507350088158,26.43421052631579,0,,
432,Upland,78779.0,34.113390966,-117.65997839847368,27.442105263157895,65,,46
433,Vacaville,97866.0,38.351653284747826,-121.96913076178261,27.613636363636363,61,,48
434,Vallejo,72252.92857142857,38.11278635612,-122.23296081405715,27.99142857142857,68,,53
435,Vancouver,68492.72413793103,45.63853819506481,-122.58268859438888,34.12040816326531,20,,58
436,Victorville,56459.71428571428,34.514773182440905,-117.34029832404545,32.84285714285714,21,,31
437,Virginia Beach,77764.625,36.82277967086436,-76.09568034051287,28.225742574257428,39,,41
438,Visalia,54387.692307692305,36.322270563770836,-119.31137516304166,29.01304347826087,79,,
439,Vista,73599.125,33.19294745775173,-117.24166553751725,24.842857142857145,44,,33
440,Waco,45091.22222222222,31.551878942104878,-97.16911560699756,37.16486486486486,31,,
441,Warner Robins,54812.5,32.603853072666666,-83.64975282361428,37.81904761904762,22,,
442,Warren,51632.70731707317,42.49443979986,-83.02128082157334,35.336363636363636,56,,
443,Warwick,68176.38461538461,41.71122506328333,-71.42085680161667,30.995652173913044,49,,45
444,Washington,83814.97802197802,38.90684368270884,-77.00883015472708,26.956666666666667,92,,99
445,Waterbury,51486.545454545456,41.55863500619,-73.03524826956333,36.46,82,,27
446,Waterloo,57963.666666666664,42.49183340121035,-92.34724576630344,37.107142857142854,73,,85
447,Waukegan,45949.28571428572,42.37180935713214,-87.86310032746071,34.61851851851852,78,,50
448,Waukesha,79615.0,43.005275191313046,-88.23696233646523,30.763636363636362,72,,73
449,West Covina,87499.3,34.0535632369,-117.91435218932352,21.073529411764707,33,,
450,West Jordan,77193.85714285714,40.608155879341666,-111.98496836145834,26.412499999999998,44,,45
451,West Palm Beach,56874.96428571428,26.728297103425714,-80.09605510862858,28.109375,25,,35
452,West Valley City,66441.22222222222,40.68531116745517,-112.00253865458622,28.939285714285713,35,,41
453,Westland,50166.625,42.319182780212,-83.37853751372,30.96,55,,
454,Westminster,75470.95,37.42313944448166,-110.22819881895,21.906779661016948,0,,
455,Whittier,76287.9375,33.966918137092,-118.02735405792001,24.92,64,,
456,Wichita,58381.295454545456,37.68597077066429,-97.3295963459857,34.355555555555554,80,,63
457,Wichita Falls,55137.333333333336,33.90137472148485,-98.51781656805757,39.38484848484848,60,,
458,Wilmington,66812.93333333333,36.65343232582712,-76.86236839622882,35.10877192982456,0,,
459,Worcester,59621.619047619046,42.26529038656087,-71.80632176920435,30.29565217391304,91,,45
460,Wyoming,62087.25,42.90107526719444,-85.69657100673334,33.362500000000004,59,,
461,Yakima,51842.0,46.593486428791664,-120.53758909495834,37.1,63,,59
462,Yonkers,81780.42857142857,40.93985094181886,-73.87006625117358,26.652830188679243,22,,26
463,Youngstown,44069.73684210526,41.09484067007353,-80.65247682133236,45.46363636363636,53,,
464,Yuma,53742.22222222222,32.67800328392353,-114.60792823717647,36.6741935483871,39,,45
